,entity_long,entity,combined,group,show,on_system_chart,budget,results_framework,strategic_plan,outcomes_processed,sub_group,un_principal_organ,category,ceb_member?,head_of_entity_level,head_of_entity_title,head_of_entity_name,entity_url,comment,description,annual_report_link,transparency_portal_link,organizational_chart
0,"Analytical Support and Sanctions Monitoring Team pursuant to resolutions 1526 (2004) and 2253 (2015) concerning Islamic State in Iraq and the Levant (Da’esh), Al-Qaida and the Taliban and associated individuals and entities",ASMT,"Analytical Support and Sanctions Monitoring Team pursuant to resolutions 1526 (2004) and 2253 (2015) concerning Islamic State in Iraq and the Levant (Da’esh), Al-Qaida and the Taliban and associated individuals and entities (ASMT)",UN Secretariat,Yes,,,,,,Other,Security Council,Subsidiary Organs (Sanctions Committee),No,Not applicable,Not applicable,Not applicable,,Entity is comprised of support staff members.,,,,
1,United Nations Integrated Office in Haiti,BINUH,United Nations Integrated Office in Haiti (BINUH),Peacekeeping operations and political missions,Yes,,,,,,,Security Council,Subsidiary Organs (Peacekeeping operations and political missions),No,ASG,SRSG ,María Isabel Salvador,https://binuh.unmissions.org/,,BINUH focusses on the provision of advisory services and good offices in Haiti and aims to help create the conditions needed for sustainable development in.,https://binuh.unmissions.org/fr/rapports,,
2,United Nations System Chief Executives Board for Coordination,CEB,United Nations System Chief Executives Board for Coordination (CEB),UN Secretariat,Yes,,,,,False,Other,Secretariat,Departments and Offices (Other Entities),No,D-2 or equivalent,CEB Secretary/CEB Secretariat Director,Maaike Jansen,https://unsceb.org/,,"The CEB is the prime instrument for strengthening the coordination role of the UN inter-governnmental bodies on social, economic annd related matters.",https://unsceb.org/reports?field_mechanism[94]=94&field_report[12]=12,,
3,United Nations support for the Cameroon-Nigeria Mixed Commission,CNMC,United Nations support for the Cameroon-Nigeria Mixed Commission (CNMC),Peacekeeping operations and political missions,Yes,,,,,False,,Security Council,Subsidiary Organs (Peacekeeping operations and political missions),No,Not applicable,Not applicable,Not applicable,https://unowas.unmissions.org/cameroon-nigeria-mixed-commission,Chaired by SRSG for West Africa and the Sahel,The goal of the CNMC is to facilitate the implementation of the 10 October 2002 judgment of the International Court of Justice (ICJ) on the Cameroon-Nigeria boundary dispute.,https://unowas.unmissions.org/reports,,
4,Preparatory Commission for the Comprehensive Nuclear-Test-Ban Treaty Organization,CTBTO,Preparatory Commission for the Comprehensive Nuclear-Test-Ban Treaty Organization (CTBTO),Related Organizations,Yes,,,,,False,,General Assembly,Related Organizations,No,USG or equivalent,Executive Secretary,Robert Floyd,https://www.ctbto.org/,,The CTBTO Preparatory Commission is mandated to carry out the necessary preparations for the entry into force and effective implementation of the Comprehensive Nuclear-Test-Ban Treaty (CTBT).,https://www.ctbto.org/publications/annual-reports/,,
5,Counter-Terrorism Committee Executive Directorate,CTED,Counter-Terrorism Committee Executive Directorate (CTED),UN Secretariat,Yes,,,,,False,Other,Security Council,Subsidiary Organs (Counter-Terrorism Committee),No,ASG or equivalent,Executive Director,Natalia Gherman,https://www.un.org/sc/ctc/,,The CTC works to bolster the ability of United Nations Member States to prevent terrorist acts both within their borders and across regions.,https://www.un.org/securitycouncil/ctc/content/work-programmes,,
6,Development Account,DA,Development Account (DA),UN Secretariat,Yes,,,,,False,Other,Secretariat,Departments and Offices,No,Not applicable,Not applicable,Not applicable,https://unstats.un.org/capacity-development/activities/devaccount/index.cshtml,conducted by ECE,,,,
7,Department of Economic and Social Affairs,DESA,Department of Economic and Social Affairs (DESA),UN Secretariat,Yes,,,,,False,,Secretariat,Departments and Offices,No,USG or equivalent,USG,Li Junhua,https://www.un.org/development/desa,,"UN DESA helps countries translate their global commitments into national action in the economic, social and environmental spheres.",https://www.un.org/en/desa/highlights-report-2020-2021,,https://www.un.org/development/desa/en/about/organigramme
8,Department for General Assembly and Conference Management,DGACM,Department for General Assembly and Conference Management (DGACM),UN Secretariat,Yes,,,,,False,,Secretariat,Departments and Offices,No,USG or equivalent,USG,Movses Abelian,https://www.un.org/dgacm/,,"The DGACM enhances dialogue and cooperation among Member States and, by doing so, to contributes to the realization of the objectives of the United Nations and of the Millennium Development Goals.",,,
9,Department of Global Communications,DGC,Department of Global Communications (DGC),UN Secretariat,Yes,,,,,False,,Secretariat,Departments and Offices,No,USG or equivalent,USG,Melissa Fleming,https://www.un.org/en/sections/departments/department-global-communications/,,"The DGC is dedicated to communicating the ideals and work of the United Nations to the world across multiple platforms, helping build support for peace, sustainable development and human rights for all.",,,
10,"Department of Management Strategy, Policy and Compliance",DMSPC,"Department of Management Strategy, Policy and Compliance (DMSPC)",UN Secretariat,Yes,,,,,False,,Secretariat,Departments and Offices,No,USG or equivalent,USG,Catherine Pollard,https://www.un.org/management/,,"The DMSPC serves the United Nations globally to drive organizational excellence through innovation, accountability and solutions.",https://reform.un.org/content/management-reform,,
11,Department of Operational Support,DOS,Department of Operational Support (DOS),UN Secretariat,Yes,,,,,False,,Secretariat,Departments and Offices,No,USG or equivalent,USG,Atul Khare,https://operationalsupport.un.org/,,"The DOS provides operational support to UN Secretariat entities, including advisory, operational and transactional support services and, where needed, exercises delegated authority on behalf of clients.",https://operationalsupport.un.org/en/reports-and-resolutions,,
12,Department of Peace Operations,DPO,Department of Peace Operations (DPO),UN Secretariat,Yes,,,,,False,,Secretariat,Departments and Offices,No,USG or equivalent,USG,Jean-Pierre François Renaud Lacroix,https://peacekeeping.un.org/en/department-of-peace-operations,,The DPO is dedicated to assisting the Member States and the Secretary-General in their efforts to maintain international peace and security.,https://peacekeeping.un.org/en/reports,https://peacekeeping.un.org/en/open-data-portal,
13,Department of Political and Peacebuilding Affairs,DPPA,Department of Political and Peacebuilding Affairs (DPPA),UN Secretariat,Yes,,,,,True,,Secretariat,Departments and Offices,No,USG or equivalent,USG,Rosemary DiCarlo,https://dppa.un.org/,,DPPA monitors and assesses global political developments with an eye to detecting potential crises before they erupt and devising effective responses.,https://dppa.un.org/en/reports-and-policy-documents,,
14,Department of Safety and Security,DSS,Department of Safety and Security (DSS),UN Secretariat,Yes,,,,,False,,Secretariat,Departments and Offices,No,USG or equivalent,USG,Gilles Michaud,https://www.un.org/undss/,,"The UNDSS provides critical advice and rapid decision-making capacity on UNSMS policy and operational issues to UNSMS members, senior United Nations management and personnel.",,,
15,Economic Commission for Africa,ECA,Economic Commission for Africa (ECA),Regional Commissions,Yes,,,,,False,,Economic and Social Council / Secretariat,Regional Commissions,No,USG or equivalent,Executive Secretary,Claver Gatete,https://www.uneca.org/,Its secretariat is part of the UN Secretariat.,"The ECA's mandate is to promote the economic and social development of its member States, foster intra-regional integration, and promote international cooperation for Africa's development.",https://repository.uneca.org/search-filter?field=flagshipPublication,,
16,Economic Commission for Europe,ECE,Economic Commission for Europe (ECE),Regional Commissions,Yes,,,,,False,,Economic and Social Council / Secretariat,Regional Commissions,No,USG or equivalent,Executive Secretary,Tatiana Molcean,https://unece.org/,Its secretariat is part of the UN Secretariat.,"As a multilateral platform, UNECE facilitates greater economic integration and cooperation among its member countries and promotes sustainable development and economic prosperity.",https://unece.org/unece-content/publications?f%5B0%5D=subprogramme%3A446,,
17,Economic Commission for Latin America and the Caribbean,ECLAC,Economic Commission for Latin America and the Caribbean (ECLAC),Regional Commissions,Yes,,,,,False,,Economic and Social Council / Secretariat,Regional Commissions,No,USG or equivalent,Executive Secretary,José Manuel Salazar-Xirinachs,https://www.cepal.org/en,Its secretariat is part of the UN Secretariat.,The ECLAC coordinates policies for the promotion of sustainable Latin American and Carriibean economic development and to foster regional and international trade.,https://www.cepal.org/en/publications,,
18,Ethics Office,EO,Ethics Office (EO),UN Secretariat,Yes,,,,,False,Other,Secretariat,Departments and Offices (Other Entities),No,D-2 or equivalent,Chair,Juraj Strasser,https://www.un.org/en/ethics/,,,,,
19,Executive Office of the Secretary-General,EOSG,Executive Office of the Secretary-General (EOSG),UN Secretariat,Yes,,,,,False,,Secretariat,Departments and Offices,No,USG or equivalent,USG,Guy Bernard Ryder,https://www.un.org/sg,,"The EOSG assists the Secretary-General with relations with members and organs of the United Nations and with specialized agencies and non-governmental organizations, as well as to assist with policy and coordination of the Secretariat.",https://www.un.org/annualreport/,,
20,Economic and Social Commission for Asia and the Pacific,ESCAP,Economic and Social Commission for Asia and the Pacific (ESCAP),Regional Commissions,Yes,,,,,False,,Economic and Social Council / Secretariat,Regional Commissions,No,USG or equivalent,Executive Secretary,Armida Salsiah Alisjahbana,https://www.unescap.org/,Its secretariat is part of the UN Secretariat.,"ESCAP serves as the regional arm of the UN in economic, social and related fields, it promotes the inclusive and sustainable economic and social development in the Asia-Pacific region",https://www.unescap.org/resources?f%5B0%5D=field_resource_type_new%3A9052,,
21,Economic and Social Commission for Western Asia,ESCWA,Economic and Social Commission for Western Asia (ESCWA),Regional Commissions,Yes,,,,,False,,Economic and Social Council / Secretariat,Regional Commissions,No,USG or equivalent,Executive Secretary,Rola A. A. H. Dashti,https://www.unescwa.org/,Its secretariat is part of the UN Secretariat.,"The purpose of ESCWA is to stimulate economic activity in member countries, strengthen cooperation between them and promote development.",https://archive.unescwa.org/recurring-publication-identifier/escwa-annual-report,,
22,Food and Agriculture Organization,FAO,Food and Agriculture Organization (FAO),Specialized Agencies,Yes,,,,,True,,Economic and Social Council,Specialized Agencies,Yes,USG or equivalent,Director-General,Qu Dongyu,https://www.fao.org/home/en/,,The FAO aims to: raise levels of nutrition and standards of living secure improvements in food production and distribution better the conditions of rural people and contribute toward an expanding world economy and ensure freedom from hunger.,,https://www.fao.org/transparency/en,https://www.fao.org/about/org-chart/en/
23,Group of Experts on the Democratic Republic of the Congo,GoE-DRC,Group of Experts on the Democratic Republic of the Congo (GoE-DRC),UN Secretariat,Yes,,,,,False,Other,Security Council,Subsidiary Organs (Sanctions Committee),No,Not applicable,Not applicable,Not applicable,https://main.un.org/securitycouncil/en/sanctions/1533/work-and-mandate,Entity is comprised of support staff members.,,,,
24,International Atomic Energy Agency,IAEA,International Atomic Energy Agency (IAEA),Related Organizations,Yes,,,,,False,,General Assembly / Security Council,Related Organizations,Yes,USG or equivalent,Director-General,Rafael Mariano Grossi,https://www.iaea.org/,,"The purpose of the IAEA is to promote and accelerate the contribution atomic energy makes to peace, health and prosperity throughout the world.",https://www.iaea.org/Publications/Reports,,
25,International Civil Aviation Organization,ICAO,International Civil Aviation Organization (ICAO),Specialized Agencies,Yes,,,,,False,,Economic and Social Council,Specialized Agencies,Yes,USG or equivalent,Secretary-General,Juan Carlos Salazar,https://www.icao.int/,,The ICAO is charged with developing international air navigation and fostering the planning and development of international air transport to ensure the growth of international civil aviation.,https://www.icao.int/publications/Pages/annual-reports.aspx,,
26,International Criminal Court,ICC,International Criminal Court (ICC),Related Organizations,No,,,,,False,,General Assembly,Related Organizations,No,USG or equivalent,President,Judge Tomoko Akane,https://www.icc-cpi.int/,,"​The ICC investigates and tries individuals charged with the gravest crimes of concern to the international community: genocide, war crimes, crimes against humanity and the crime of aggression.",https://www.icc-cpi.int/resource-library/reports,,
27,International Court of Justice,ICJ,International Court of Justice (ICJ),International Court of Justice,No,,,,,False,,International Court of Justice,International Court of Justice,No,USG or equivalent,President,Iwasawa Yuji,https://www.icj-cij.org/en,,The Court’s role is to settle legal disputes submitted to it by States and to give advisory opinions on legal questions referred to it by authorized United Nations organs and specialized agencies.,https://www.icj-cij.org/en/publications,,
28,International Civil Service Commission,ICSC,International Civil Service Commission (ICSC),Subsidiary Organs,Yes,,,,,False,Other,General Assembly,Subsidiary Organs,No,USG or equivalent,Chairman,Larbi Djacta,https://icsc.un.org/,Its secretariat is financed as UN Secretariat.,"The ICSC's focus is to strengthen and maintain high standards in the international civil service, while balancing the needs and concerns of its major stakeholders.",https://icsc.un.org/Home/Library,,
29,International Fund for Agricultural Development,IFAD,International Fund for Agricultural Development (IFAD),Specialized Agencies,Yes,,,,,False,,Economic and Social Council,Specialized Agencies,Yes,USG or equivalent,President,Alvaro Lario,https://www.ifad.org/en/,,The IFAD is an international financial institution and UN specialised agency dedicated to eradicating poverty in rural areas of developing countries.,https://www.ifad.org/pub/annual_report/list,http://www.d-portal.org/ctrack.html?search&publisher=XM-DAC-41108#view=main,
30,"International, Impartial and Independent Mechanism to Assist in the Investigation and Prosecution of Persons Responsible for the Most Serious Crimes under International Law Committed in the Syrian Arab Republic since March 2011",IIIM,"International, Impartial and Independent Mechanism to Assist in the Investigation and Prosecution of Persons Responsible for the Most Serious Crimes under International Law Committed in the Syrian Arab Republic since March 2011 (IIIM)",UN Secretariat,Yes,,,,,False,Other,General Assembly,Other Entities,No,ASG or equivalent,Head,Robert Petit,https://iiim.un.org/,,"The Mechanism’s mandate, is “to collect, consolidate, preserve and analyse evidence of violations of international humanitarian law and human rights violations and abuses.",https://iiim.un.org/documents/reports-to-general-assembly/,,
31,Independent Investigative Mechanism for Myanmar,IIMM,Independent Investigative Mechanism for Myanmar (IIMM),UN Secretariat,Yes,,,,,False,Other,General Assembly,Other Entities,No,ASG or equivalent,Head,Nicholas Koumjian,https://iimm.un.org/,,,,,
32,International Labor Organization,ILO,International Labor Organization (ILO),Specialized Agencies,Yes,,,,,True,,Economic and Social Council,Specialized Agencies,Yes,USG or equivalent,Director-General,Gilbert F. Houngbo,https://www.ilo.org/global/lang--en/index.htm,,"The ILO was founded in 1919, its Constitution forming part of the Treaty of Versailles. The ILO became the first specialised agency of the UN in 1946.",https://www.ilo.org/global/about-the-ilo/how-the-ilo-works/results-based-management/reporting/lang--en/index.htm,,
33,International Monetary Fund,IMF,International Monetary Fund (IMF),Specialized Agencies,No,,,,,False,,Economic and Social Council,Specialized Agencies,Yes,USG or equivalent,Managing Director,Kristalina Georgieva,https://www.imf.org/en/Home,,,,,
34,International Maritime Organization,IMO,International Maritime Organization (IMO),Specialized Agencies,Yes,,,,,False,,Economic and Social Council,Specialized Agencies,Yes,USG or equivalent,Secretary-General,Arsenio Dominguez,https://www.imo.org/,,"The IMO is responsible for the safety of life at sea, maritime security and the protection of the marine environment through prevention of sea pollution caused by ships.",https://www.imo.org/en/OurWork/TechnicalCooperation/Pages/Default.aspx,,
35,International Organization for Migration,IOM,International Organization for Migration (IOM),Related Organizations,Yes,,,,,True,,General Assembly,Related Organizations,Yes,USG or equivalent,Director-General,Amy Pope,https://www.iom.int/,,The IOM is the leading intergovernmental organization in the field of migration and is committed to the principle that humane and orderly migration benefits migrants and society.,https://governingbodies.iom.int/,,
36,International Seabed Authority,ISA,International Seabed Authority (ISA),Related Organizations,No,,,,,False,,General Assembly,Related Organizations,No,USG or equivalent,Secretary-General,Leticia Reis de Carvalho,https://www.isa.org.jm/,,"The ISA is mandated under the UN Convention on the Law of the Sea to organize, regulate and control all mineral-related activities in the international seabed area for the benefit of mankind as a whole.",https://www.isa.org.jm/publications,,
37,International Trade Centre,ITC,International Trade Centre (ITC),UN Secretariat,Yes,,,,,False,,General Assembly,Other Entities,No,ASG or equivalent,Executive Director,Pamela Coke-Hamilton,https://intracen.org/,,"The ITC supports the United Nations and WTO's regulatory research and policy strategies, and focuses on implementing and delivering trade related technical assistance projects (TRTA).",https://intracen.org/about-us/governance/corporate-documents/itc-annual-report,https://open.intracen.org/,
38,International Tribunal for the Law of the Sea,ITLOS,International Tribunal for the Law of the Sea (ITLOS),Related Organizations,No,,,,,False,,General Assembly,Related Organizations,No,USG or equivalent,President,Judge Tomas Heidar,https://www.itlos.org/,,"The ITLOS is an independent judicial body established by the United Nations Convention on the Law of the Sea to adjudicate disputes regarding all ocean space, its uses and resources.",https://www.itlos.org/en/main/the-tribunal/annual-reports/,,
39,International Telecommunication Union,ITU,International Telecommunication Union (ITU),Specialized Agencies,Yes,,,,,False,,Economic and Social Council,Specialized Agencies,Yes,USG or equivalent,Secretary-General,Doreen Bogdan-Martin,https://www.itu.int/en/Pages/default.aspx,,The ITU is an inter-governmental organization that brings together governments and industry to coordinate the establishment and operation of global telecommunication networks and services.,https://www.itu.int/pub/S-CONF-AREP-2009/en,,
40,Joint Inspection Unit,JIU,Joint Inspection Unit (JIU),Subsidiary Organs,Yes,,,,,False,Other,General Assembly,Subsidiary Organs,No,D-2 or equivalent,Executive Secretary,Uren Pillay,https://www.unjiu.org/,,"The JIU is the only independent external oversight body of the United Nations system mandated to conduct evaluations, inspections and investigations system-wide.",https://www.unjiu.org/content/reports,,
41,United Nations Mission for the Referendum in Western Sahara,MINURSO,United Nations Mission for the Referendum in Western Sahara (MINURSO),Peacekeeping operations and political missions,Yes,,,,,False,,Security Council,Subsidiary Organs (Peacekeeping operations and political missions),No,ASG,SRSG/Head of Mission,Alexander Ivanko,https://minurso.unmissions.org/,,MINURSO is mandated in accordance with the settlement plan which provides for a transitional period for the preparation of a referendum in which the people of Western Sahara would choose between independence and integration with Morocco.,https://minurso.unmissions.org/secretary-general-reports,,
42,United Nations Multidimensional Integrated Stabilization Mission in the Central African Republic,MINUSCA,United Nations Multidimensional Integrated Stabilization Mission in the Central African Republic (MINUSCA),Peacekeeping operations and political missions,Yes,,,,,False,,Security Council,Subsidiary Organs (Peacekeeping operations and political missions),No,USG or equivalent,SRSG/Head of Mission,Valentine Rugwabiza,https://minusca.unmissions.org/,,"MINUSCA is a UN peacekeeping mission, which started on April 10, 2014, to protect Central African Republic civilians under Chapter VII of the UN Charter.",https://minusca.unmissions.org/en/reports-secretary-general,,
43,United Nations Organization Stabilization Mission in the Democratic Republic of the Congo,MONUSCO,United Nations Organization Stabilization Mission in the Democratic Republic of the Congo (MONUSCO),Peacekeeping operations and political missions,Yes,,,,,False,,Security Council,Subsidiary Organs (Peacekeeping operations and political missions),No,USG or equivalent,SRSG/Head of Mission,Bintou Keita,https://monusco.unmissions.org/,,"MONUSCO's mandate relates to, among other things, to the protection of civilians, humanitarian personnel and human rights defenders under imminent threat of physical violence and to support the Government of the DRC in its stabilization and peace consolidation efforts.",https://monusco.unmissions.org/en/reports-secretary-general-0,,
44,Office of Administration of Justice,OAJ,Office of Administration of Justice (OAJ),UN Secretariat,Yes,,,,,False,,Secretariat,Departments and Offices (Internal Justice Bodies),No,D-2 or equivalent,Executive Director,Alayne Frankson-Wallace,https://www.un.org/en/internaljustice/oaj/,,,,,
45,Office for the Coordination of Humanitarian Affairs,OCHA,Office for the Coordination of Humanitarian Affairs (OCHA),UN Secretariat,Yes,,,,,False,,Secretariat,Departments and Offices,No,USG or equivalent,USG/Emergency Relief Coordinator,Tom Fletcher,https://www.unocha.org/,,"With its partners, OCHA contributes to principled and effective humanitarian response through coordination, advocacy, policy, information management and humanitarian financing tools and services.",https://www.unocha.org/about-us/publications/core-publications,https://fts.unocha.org/,
46,Office of Counter-Terrorism,OCT,Office of Counter-Terrorism (OCT),UN Secretariat,Yes,,,,,False,,Secretariat,Departments and Offices,No,USG or equivalent,USG,Vladimir Ivanovich Voronkov,https://www.un.org/counterterrorism/,,"The UNOCT works closely with UN Member States, UN entities, civil society, and other related stakeholders, strengthening existing and developing new partnerships to effectively prevent and counter terrorism.",https://www.un.org/counterterrorism/un-documents,,
47,Office for Disarmament Affairs,ODA,Office for Disarmament Affairs (ODA),UN Secretariat,Yes,,,,,False,,Secretariat,Departments and Offices,No,USG or equivalent,High Representative,Izumi Nakamitsu,https://www.un.org/disarmament/,,The ODA supports multilateral efforts aimed at achieving the ultimate goal of general and complete disarmament under strict and effective international control.,https://www.un.org/disarmament/publications/yearbook/,,
48,Office for Digital and Emerging Technologies,ODET,Office for Digital and Emerging Technologies (ODET),UN Secretariat,Yes,,,,,False,,Secretariat,Departments and Offices,No,USG or equivalent,Special Envoy,Amandeep Singh Gill,https://www.un.org/digital-emerging-technologies/,,,,,
49,Office of Data Protection and Privacy,ODPP,Office of Data Protection and Privacy (ODPP),UN Secretariat,Yes,,,,,False,Other,Secretariat,Departments and Offices,No,D-1 or equivalent,Director,(Vacant),,,,,,
50,Office of the Focal Point for De-listing,OFP-Delisting,Office of the Focal Point for De-listing (OFP-Delisting),Peacekeeping operations and political missions,Yes,No,,,,False,Other,Security Council,Subsidiary Organs (Sanctions Committee),No,Other,Other,,https://main.un.org/securitycouncil/en/sanctions/delisting,,,,,
51,Office of the United Nations High Commissioner for Human Rights,OHCHR,Office of the United Nations High Commissioner for Human Rights (OHCHR),UN Secretariat,Yes,,,,,False,,Secretariat,Departments and Offices,No,USG or equivalent,High Commissioner,Volker Türk,https://www.ohchr.org/,,"The ONHCR promotes and protects the effective enjoyment by all people of all civil, cultural, economic, political and social rights, including the right to development.",https://www.ohchr.org/en/publications?field_content_category_target_id[177]=177,,
52,Office of Information and Communications Technology,OICT,Office of Information and Communications Technology (OICT),UN Secretariat,Yes,,,,,False,,Secretariat,Departments and Offices,No,ASG or equivalent,CITO,Bernardo Mariano Jr.,https://unite.un.org/,,"The OICT defines the strategic direction for ICT to the Secretariat. It provides oversight of ICT programmes, budgets and decision-making to ensure alignment with the Secretariat’s overall ICT strategy.",https://www.un.org/annualreport/,,
53,Office of Internal Oversight Services,OIOS,Office of Internal Oversight Services (OIOS),UN Secretariat,Yes,,,,,False,,Secretariat,Departments and Offices,No,USG or equivalent,USG,Fatoumata Ndiaye,https://oios.un.org/,,"The OIOS assists the Secretary-General in fulfilling his oversight responsibilities in respect of the resources and staff of the Organization through the provision of audit, investigation, inspection and evaluation services.",https://oios.un.org/annual-reports,,
54,Office of Legal Affairs,OLA,Office of Legal Affairs (OLA),UN Secretariat,Yes,,,,,False,,Secretariat,Departments and Offices,No,USG or equivalent,USG/Legal Counsel,Elinor Jane Britt Hammarskjöld,https://legal.un.org/ola/,,OLA provides a unified central legal service for the Secretariat and other entities of the United Nations and contributes to the progressive development and codification of international public and trade law.,https://legal.un.org/ola/publications.aspx,,
55,Office of the Ombudsperson established pursuant to Security Council resolution 1904 (2009),OMBUD-RES1904,Office of the Ombudsperson established pursuant to Security Council resolution 1904 (2009) (OMBUD-RES1904),UN Secretariat,Yes,,,,,False,Other,Security Council,Subsidiary Organs (Sanctions Committee),No,Not applicable,Not applicable,Not applicable,https://www.un.org/securitycouncil/ombudsperson,Entity is comprised of support staff members.,"The Ombudsperson gathers information and interacts with the petitioner, relevant States and organizations with regard to delisting requests and present a comprehensive report to the Security Council’s ISIL (Da'esh) and Al-Qaida Sanctions Committee.",https://www.un.org/securitycouncil/ombudsperson/reports,,
56,Office of the United Nations Ombudsman and Mediation Services,OMS,Office of the United Nations Ombudsman and Mediation Services (OMS),UN Secretariat,Yes,,,,,False,,Secretariat,Departments and Offices,No,ASG or equivalent,Ombudsman,Shireen Dodson,https://www.un.org/ombudsman/,,,,,
57,Office for Outer Space Affairs,OOSA,Office for Outer Space Affairs (OOSA),UN Secretariat,Yes,,,,,False,,Secretariat,Departments and Offices,No,D-2 or equivalent,Director,Aarti Holla-Maini,https://www.unoosa.org/,,UNOOSA is responsible for promoting international cooperation in the peaceful uses of outer space. It serves as the secretariat for the General Assembly's only committee dealing exclusively with international cooperation in the peaceful uses of outer space.,https://www.unoosa.org/oosa/en/aboutus/annual-reports.html,,
58,Organisation for the Prohibition of Chemical Weapons,OPCW,Organisation for the Prohibition of Chemical Weapons (OPCW),Related Organizations,Yes,,,,,False,,General Assembly / Security Council,Related Organizations,No,USG or equivalent,USG/Director-General,Fernando Arias,https://www.opcw.org/,,"The role of the OPCW is to ensure the implementation of the provisions made under the Convention on the Prohibition of the Development, Production, Stockpiling and Use of Chemical Weapons and on their Destruction (CWC).",https://www.opcw.org/resources/documents/annual-reports,,
59,Office of the Special Adviser on Africa,OSAA,Office of the Special Adviser on Africa (OSAA),UN Secretariat,Yes,,,,,False,,Secretariat,Departments and Offices,No,USG or equivalent,Special Adviser,Cristina Isabel Lopes da Silva Monteiro Duarte,https://www.un.org/osaa/,,"The OSAA strives for coordinated, effective and sustained UN and international support for Africa’s transformative efforts for inclusive sustainable peace, security, socioeconomic development and justice for all.",https://www.un.org/osaa/content/reports-and-publications,,
60,Office of the Special Adviser to the Secretary-General on Cyprus,OSASG-Cyprus,Office of the Special Adviser to the Secretary-General on Cyprus (OSASG-Cyprus),Peacekeeping operations and political missions,Yes,,,,,False,,Security Council,Subsidiary Organs (Peacekeeping operations and political missions),No,USG or equivalent,Special Adviser (Acting),Colin William Stewart,https://dppa.un.org/en/mission/special-adviser-cyprus,,,,,
61,Office of the Special Adviser to the Secretary-General on the Prevention of Genocide,OSASG-PG,Office of the Special Adviser to the Secretary-General on the Prevention of Genocide (OSASG-PG),UN Secretariat,Yes,,,,,False,,Secretariat,Departments and Offices,No,USG or equivalent,Special Adviser (Acting),Virginia Gamba de Potgieter,https://www.un.org/sg/en/global-leadership/office-of-the-special-adviser-on-the-prevention-of-genocide/all,,,,,
62,Office of the United Nations Special Coordinator on Improving the United Nations Response to Sexual Exploitation and Abuse,OSC-SEA,Office of the United Nations Special Coordinator on Improving the United Nations Response to Sexual Exploitation and Abuse (OSC-SEA),UN Secretariat,Yes,,,,,False,,Secretariat,Departments and Offices,No,USG or equivalent,Special Coordinator,Christian Saunders,https://www.un.org/preventing-sexual-exploitation-and-abuse/content/un-special-coordinator-0,,,,,
63,Office of the Special Envoy of the Secretary-General for Future Generations,OSESG-FG,Office of the Special Envoy of the Secretary-General for Future Generations (OSESG-FG),UN Secretariat,No,,,,,False,,Secretariat,Departments and Offices,No,Not applicable,Special Envoy,(Vacant),https://ourfuturegenerations.com/united-nations/,,,,,
64,Office of the Special Envoy of the Secretary-General for the Great Lakes Region,OSESG-GL,Office of the Special Envoy of the Secretary-General for the Great Lakes Region (OSESG-GL),Peacekeeping operations and political missions,Yes,,,,,False,,Security Council,Subsidiary Organs (Peacekeeping operations and political missions),No,USG or equivalent,Special Envoy,Huang Xia,https://ungreatlakes.unmissions.org/,,"The Special Envoy leads, coordinates and assesses implementation of the PSC Framework, to address the root causes of conflict and end recurring violence in eastern DRC and the Great Lakes.",https://ungreatlakes.unmissions.org/secretary-generals-reports,,
65,Office of the Special Envoy of the Secretary-General for the Horn of Africa,OSESG-Horn,Office of the Special Envoy of the Secretary-General for the Horn of Africa (OSESG-Horn),Peacekeeping operations and political missions,Yes,,,,,False,,Security Council,Subsidiary Organs (Peacekeeping operations and political missions),No,USG or equivalent,Special Envoy,,https://dppa.un.org/en/mission/special-envoy-horn-of-africa,,,,,
66,Office of the Special Envoy of the Secretary-General on Myanmar,OSESG-Myanmar,Office of the Special Envoy of the Secretary-General on Myanmar (OSESG-Myanmar),Peacekeeping operations and political missions,Yes,,,,,False,,Security Council,Subsidiary Organs (Peacekeeping operations and political missions),No,USG or equivalent,Special Envoy,Julie Bishop,https://dppa.un.org/en/mission/special-envoy-myanmar,,,,,
67,Office of the Special Envoy of the Secretary-General for the implementation of Security Council resolution 1559 (2004),OSESG-SCRES1559,Office of the Special Envoy of the Secretary-General for the implementation of Security Council resolution 1559 (2004) (OSESG-SCRES1559),UN Secretariat,No,,,,,False,Other,Security Council,Subsidiary Organs (Peacekeeping operations and political missions),No,,Special Envoy,,https://dppa.un.org/en/mission/special-envoy-implementation-of-security-council-resolution-1559-2004,,,,,
68,Office of the Special Envoy of the Secretary-General for Syria,OSESG-Syria,Office of the Special Envoy of the Secretary-General for Syria (OSESG-Syria),Peacekeeping operations and political missions,Yes,,,,,False,,Security Council,Subsidiary Organs (Peacekeeping operations and political missions),No,USG or equivalent,Special Envoy,Geir Otto Pedersen,https://specialenvoysyria.unmissions.org/,,,,,
69,Office of the Special Envoy of the Secretary-General for Yemen,OSESG-Yemen,Office of the Special Envoy of the Secretary-General for Yemen (OSESG-Yemen),Peacekeeping operations and political missions,Yes,,,,,False,,Security Council,Subsidiary Organs (Peacekeeping operations and political missions),No,USG or equivalent,Special Envoy,Hans Grundberg,https://osesgy.unmissions.org/,,,,,
70,Office of the Special Representative of the Secretary-General for Children and Armed Conflict,OSRSG-CAAC,Office of the Special Representative of the Secretary-General for Children and Armed Conflict (OSRSG-CAAC),UN Secretariat,Yes,,,,,False,,Secretariat,Departments and Offices,No,USG or equivalent,SRSG,Virginia Gamba de Potgieter,https://childrenandarmedconflict.un.org/,,,,,
71,Office of the Special Representative of the Secretary-General on Sexual Violence in Conflict,OSRSG-SVC,Office of the Special Representative of the Secretary-General on Sexual Violence in Conflict (OSRSG-SVC),UN Secretariat,Yes,,,,,False,,Secretariat,Departments and Offices,No,USG or equivalent,SRSG,Pramila Patten,https://www.un.org/sexualviolenceinconflict/,,,,,
72,Office of the Special Representative of the Secretary-General on Violence against Children,OSRSG-VAC,Office of the Special Representative of the Secretary-General on Violence against Children (OSRSG-VAC),UN Secretariat,Yes,,,,,False,,Secretariat,Departments and Offices,No,ASG,SRSG,Najat Maalla,https://violenceagainstchildren.un.org/,,,,,
77,Office of the Personal Envoy of the Secretary-General for the Sudan,PESG-Sudan,Office of the Personal Envoy of the Secretary-General for the Sudan (PESG-Sudan),UN Secretariat,Yes,,,,,False,,Security Council,Subsidiary Organs (Peacekeeping operations and political missions),No,USG or equivalent,PESG,Ramtane Lamamra,,,,,,
78,Personal Envoy of the Secretary-General for Western Sahara,PESG-WS,Personal Envoy of the Secretary-General for Western Sahara (PESG-WS),UN Secretariat,Yes,,,,,False,,Security Council,Subsidiary Organs (Peacekeeping operations and political missions),No,USG or equivalent,Personal Envoy,Staffan de Mistura,https://dppa.un.org/en/mission/personal-envoy-western-sahara,,,,,
79,Panel of Experts on the Central African Republic,PoE-CAR,Panel of Experts on the Central African Republic (PoE-CAR),UN Secretariat,Yes,,,,,False,Other,Security Council,Subsidiary Organs (Sanctions Committee),No,Not applicable,Not applicable,Not applicable,https://www.un.org/securitycouncil/sanctions/2127/panel-of-experts/work_mandate,Entity is comprised of support staff members.,,,,
80,Panel of Experts on Haiti,PoE-Haiti,Panel of Experts on Haiti (PoE-Haiti),UN Secretariat,Yes,,,,,False,Other,Security Council,Subsidiary Organs (Sanctions Committee),No,Not applicable,Not applicable,Not applicable,,Entity is comprised of support staff members.,,,,
81,Panel of Experts on Libya,PoE-Libya,Panel of Experts on Libya (PoE-Libya),UN Secretariat,Yes,,,,,False,Other,Security Council,Subsidiary Organs (Sanctions Committee),No,Not applicable,Not applicable,Not applicable,https://www.un.org/securitycouncil/sanctions/1970/panel-experts/work_mandate,Entity is comprised of support staff members.,,,,
82,Panel of Experts pursuant to resolution 2713 (2023),PoE-RES2713,Panel of Experts pursuant to resolution 2713 (2023) (PoE-RES2713),UN Secretariat,Yes,,,,,False,Other,Security Council,Subsidiary Organs (Sanctions Committee),No,Not applicable,Not applicable,Not applicable,,Entity is comprised of support staff members.,,,,
83,Panel of Experts pursuant to resolution 2745 (2024),PoE-RES2745,Panel of Experts pursuant to resolution 2745 (2024) (PoE-RES2745),Peacekeeping operations and political missions,Yes,,,,,False,Other,Security Council,Subsidiary Organs (Sanctions Committee),,,,,,,,,,
84,Panel of Experts on South Sudan,PoE-S.Sudan,Panel of Experts on South Sudan (PoE-S.Sudan),UN Secretariat,Yes,,,,,False,Other,Security Council,Subsidiary Organs (Sanctions Committee),No,Not applicable,Not applicable,Not applicable,,Entity is comprised of support staff members.,,,,
85,Panel of Experts on the Sudan,PoE-Sudan,Panel of Experts on the Sudan (PoE-Sudan),UN Secretariat,Yes,,,,,False,Other,Security Council,Subsidiary Organs (Sanctions Committee),No,Not applicable,Not applicable,Not applicable,https://www.un.org/securitycouncil/sanctions/1591/panel-of-experts/work_mandate,Entity is comprised of support staff members.,,,,
86,Panel of Experts on Yemen,PoE-Yemen,Panel of Experts on Yemen (PoE-Yemen),UN Secretariat,Yes,,,,,False,Other,Security Council,Subsidiary Organs (Sanctions Committee),No,Not applicable,Not applicable,Not applicable,https://www.un.org/securitycouncil/sanctions/2140/panel-of-experts/work-and-mandate,Entity is comprised of support staff members.,,,,
87,Resident Coordinator System,RCS,Resident Coordinator System (RCS),UN Secretariat,Yes,,,,,False,,Secretariat,Departments and Offices,No,ASG or equivalent,ASG,Oscar Fernández-Taranco,https://un-dco.org/,,The resident coordinator system is the backbone around which the United Nations development entities are taking steps to strengthen support to the 2030 Agenda.,https://unsdg.un.org/resources?f%5B0%5D=type_of_document%3A412,,
88,United Nations Regional Service Centre in Entebbe,RSCE,United Nations Regional Service Centre in Entebbe (RSCE),UN Secretariat,Yes,,,,,False,,Security Council,Subsidiary Organs (Peacekeeping operations and political missions),No,D-2,Director,Paulin Djomo,https://rsce.unmissions.org/,,"The RSCE consolidates administrative and support functions, with the goal of providing client-orientated and scalable services while reducing the missions’ footprints to UN field missions across Africa.",https://rsce.unmissions.org/un-documents,,
89,Support to the Security Council Committee established pursuant to resolution 1540 (2004) on the non-proliferation of all weapons of mass destruction,SC-RES1540,Support to the Security Council Committee established pursuant to resolution 1540 (2004) on the non-proliferation of all weapons of mass destruction (SC-RES1540),UN Secretariat,Yes,,,,,False,Other,Security Council,Subsidiary Organs (Standing committees and ad hoc bodies),No,Not applicable,Not applicable,Not applicable,https://www.un.org/disarmament/wmd/sc1540/,Entity is comprised of support staff members.,"The Committee is tasked to report on the acilitation of national implementation activities, cooperation between organizations and effective partnerships of key stakeholders.",,,
90,Support to the Security Council Committee established pursuant to resolution 1718 (2006),SC-RES1718,Support to the Security Council Committee established pursuant to resolution 1718 (2006) (SC-RES1718),UN Secretariat,Yes,,,,,False,Other,Security Council,Subsidiary Organs (Standing committees and ad hoc bodies),No,Not applicable,Not applicable,Not applicable,,Entity is comprised of support staff members.,,,,
91,Implementation of Security Council resolution 2231 (2015),SC-RES2231,Implementation of Security Council resolution 2231 (2015) (SC-RES2231),UN Secretariat,Yes,,,,,False,Other,Security Council,Subsidiary Organs (Other),No,Not applicable,Not applicable,Not applicable,https://main.un.org/securitycouncil/en/content/2231/background,,,,,
92,United Nations Sustainable Development Group System-wide Evaluation Office,SWEO,United Nations Sustainable Development Group System-wide Evaluation Office (SWEO),UN Secretariat,Yes,,,,,False,Other,Secretariat,Departments and Offices (Other Entities),No,D-2 or equivalent,Executive Director,Andrea Cook,https://www.un.org/system-wide-evaluation-office/en,,,,,
93,World Tourism Organization,UN Tourism,World Tourism Organization (UN Tourism),Specialized Agencies,Yes,,,,,False,,Economic and Social Council,Specialized Agencies,Yes,USG or equivalent,Secretary-General,Zurab Pololikashvili,https://www.unwto.org/,,,,,
94,United Nations Human Settlements Programme,UN-Habitat,United Nations Human Settlements Programme (UN-Habitat),UN Secretariat,Yes,,,,,False,,General Assembly / Secretariat,Funds and Programmes,Yes,USG or equivalent,Executive Director,Anacláudia Rossbach,https://unhabitat.org/,Its secretariat is part of the UN Secretariat.,,,,
95,"Office of the High Representative for the Least Developed Countries, Landlocked Developing Countries and Small Island Developing States",UN-OHRLLS,"Office of the High Representative for the Least Developed Countries, Landlocked Developing Countries and Small Island Developing States (UN-OHRLLS)",UN Secretariat,Yes,,,,,False,,Secretariat,Departments and Offices,No,USG or equivalent,High Representative,Rabab Fatima,https://www.un.org/ohrlls/,,,,,
96,United Nations Entity for Gender Equality and the Empowerment of Women,UN-Women,United Nations Entity for Gender Equality and the Empowerment of Women (UN-Women),Other Entities,Yes,,,,,False,,General Assembly,Other Entities,Yes,USG or equivalent,Executive Director,Sima Sami Iskandar Bahous,https://www.unwomen.org/,,"UN Women is dedicated to gender equality and the empowerment of women. A global champion for women and girls, UN Women was established to accelerate progress on meeting their needs worldwide.",https://www.unwomen.org/en/digital-library/annual-report,https://data.unwomen.org/data-portal,
97,Joint United Nations Programme on HIV/AIDS,UNAIDS,Joint United Nations Programme on HIV/AIDS (UNAIDS),Other Bodies,Yes,,,,,False,,Economic and Social Council,Other Bodies,No,USG or equivalent,Executive Director,UNAIDS Executive Director,https://www.unaids.org/en,,"UNAIDS brings together the efforts and resources of 10 UN system organizations to help prevent new HIV infections, care for people living with HIV and mitigate the impact of the epidemic.",https://www.unaids.org/en/topics/resources/publications,https://open.unaids.org/,
98,United Nations Assistance Mission in Afghanistan,UNAMA,United Nations Assistance Mission in Afghanistan (UNAMA),Peacekeeping operations and political missions,Yes,,,,,False,,Security Council,Subsidiary Organs (Peacekeeping operations and political missions),No,USG or equivalent,SRSG/Head of Mission,Roza Otunbayeva,https://unama.unmissions.org/,,"UNAMA’s mission is to support the people and institutions of Afghanistan in achieving peace and stability, in line with the rights and obligations enshrined in the Afghan constitution.",https://unama.unmissions.org/secretary-general-reports,,
99,United Nations Assistance Mission for Iraq,UNAMI,United Nations Assistance Mission for Iraq (UNAMI),Peacekeeping operations and political missions,Yes,,,,,False,,Security Council,Subsidiary Organs (Peacekeeping operations and political missions),No,USG or equivalent,SRSG/Head of Mission,Mohamed Al Hassan,https://iraq.un.org/,,"UNAMI’s advises and assists the Government and people of Iraq on a number of issues, including advancing inclusive political dialogue and national reconciliation, assisting in the electoral process and in the planning for a national census, and promoting the protection of human rights and judicial and legal reforms.",https://iraq.un.org/en/resources/publications,,
100,United Nations Alliance of Civilizations,UNAOC,United Nations Alliance of Civilizations (UNAOC),UN Secretariat,Yes,,,,,False,,Secretariat,Departments and Offices (Other Entities),No,USG or equivalent,High Representative,Miguel Ángel Moratinos Cuyaubé,https://www.unaoc.org/,,"The Alliance maintains a global network of partners including states, organizations, civil society groups, foundations, and the private sector to improve cross-cultural relations between diverse nations and communities.",https://www.unaoc.org/resource-type/unaoc-annual-reports/,,
101,United Nations Conference on Trade and Development,UNCTAD,United Nations Conference on Trade and Development (UNCTAD),UN Secretariat,Yes,,,,,False,,General Assembly / Secretariat,Other Entities,Yes,USG or equivalent,Secretary-General,Rebeca Grynspan,https://unctad.org/,Its secretariat is part of the UN Secretariat.,UNCTAD supports developing countries to access the benefits of a globalized economy more fairly and effectively and helps equip them to deal with the potential drawbacks of greater economic integration.,https://unctad.org/publications-search?Operator=and&keys=annual,,
102,United Nations Disengagement Observer Force,UNDOF,United Nations Disengagement Observer Force (UNDOF),Peacekeeping operations and political missions,Yes,,,,,False,,Security Council,Subsidiary Organs (Peacekeeping operations and political missions),No,ASG or equivalent,Force Commander/Head of Mission,Anita Asmah,https://undof.unmissions.org/,,"The UNDOF assists in maintaining the ceasefire between Israel and Syria, supervising the disengagement of Israeli and Syrian forces; as well as the areas of separation and limitation, as provided in the May 1974 Agreement on Disengagement.",https://undof.unmissions.org/reports-statements,,
103,United Nations Development Programme,UNDP,United Nations Development Programme (UNDP),Funds and Programmes,Yes,,,,,True,,General Assembly,Funds and Programmes,Yes,USG or equivalent,Administrator (Acting),Haoliang Xu,https://www.undp.org/,,"The UNDP helps build inclusive, sustainable and resilient societies and provides expert advice, training and financial support. Special attention is paid to the needs of the Least Developed Countries and countries emerging from conflict.",https://annualreport.undp.org/,https://open.undp.org/,
104,United Nations Office for Disaster Risk Reduction,UNDRR,United Nations Office for Disaster Risk Reduction (UNDRR),UN Secretariat,Yes,,,,,False,,Secretariat,Departments and Offices,No,ASG,SRSG,Kamal Kishore,https://www.undrr.org/,,UNDRR (formerly UNISDR) is the United Nations focal point for disaster risk reduction.,https://www.undrr.org/publications?text=Annual%20Report,,
105,United Nations Environment Programme,UNEP,United Nations Environment Programme (UNEP),UN Secretariat,Yes,,,,,False,,General Assembly / Secretariat,Funds and Programmes,Yes,USG or equivalent,Executive Director,Inger La Cour Andersen,https://www.unep.org/,Its secretariat is part of the UN Secretariat.,"The UNEP sets the global environmental agenda, promotes the coherent implementation of the environmental dimension of sustainable development within the United Nations system, and serves as an authoritative advocate for the global environment.",https://www.unep.org/annualreport/2021/index.php,https://open.unep.org/,
106,"United Nations Educational, Scientific and Cultural Organization",UNESCO,"United Nations Educational, Scientific and Cultural Organization (UNESCO)",Specialized Agencies,Yes,,,,,False,,Economic and Social Council,Specialized Agencies,Yes,USG or equivalent,Director-General,Audrey Azoulay,https://www.unesco.org/en,,"UNESCO contributes to peace and security by promoting collaboration among nations through education, science and culture.",https://www.unesco.org/en/budget-strategy,https://opendata.unesco.org/,
107,United Nations Framework Convention on Climate Change Secretariat,UNFCCC,United Nations Framework Convention on Climate Change Secretariat (UNFCCC),Related Organizations,Yes,,,,,False,,Other,Related Organizations,No,USG or equivalent,Executive Secretary,Simon Emmanuel Kervin Stiell,https://unfccc.int/,Has its own governing and subsidiary bodies.,"The UNFCCC is a treaty whereby countries jointly consider what they could do to limit average global temperature increases and the resulting climate change, and to cope with whatever impacts were, by then, inevitable.",https://unfccc.int/annualreport,,
108,United Nations Peacekeeping Force in Cyprus,UNFICYP,United Nations Peacekeeping Force in Cyprus (UNFICYP),Peacekeeping operations and political missions,Yes,,,,,False,,Security Council,Subsidiary Organs (Peacekeeping operations and political missions),No,ASG or equivalent,SRSG/Head of Mission,Colin William Stewart,https://unficyp.unmissions.org/,,"UNFICYP has remained on the island to supervise ceasefire lines, maintain a buffer zone, undertake humanitarian activities and support the good offices mission of the Secretary-General.",https://www.securitycouncilreport.org/un-documents/cyprus/,,
109,United Nations Population Fund,UNFPA,United Nations Population Fund (UNFPA),Funds and Programmes,Yes,,,,,True,,General Assembly,Funds and Programmes,Yes,USG or equivalent,Executive Director,Natalia Kanem,https://www.unfpa.org/,,"UNFPA is a United Nations development agency that promotes the right of every woman, man and child to enjoy a life of health and equal opportunity.",https://www.unfpa.org/annual-report,https://www.unfpa.org/data/transparency-portal,
110,United Nations Global Compact,UNGC,United Nations Global Compact (UNGC),UN Secretariat,Yes,,,,,False,,Secretariat,Departments and Offices (Other Entities),No,ASG or equivalent,CEO/Executive Director,Sanda Ojiambo,https://unglobalcompact.org/,,,,,
111,United Nations Group of Experts on Geographical Names,UNGEGN,United Nations Group of Experts on Geographical Names (UNGEGN),Other Bodies,No,,,,,False,,Economic and Social Council,Other Bodies,No,,Chairperson,Pierre Jaillard,https://unstats.un.org/unsd/ungegn,,,,,
112,Committee of Experts on Global Geospatial Information Management,UNGGIM,Committee of Experts on Global Geospatial Information Management (UNGGIM),Other Bodies,No,,,,,False,,Economic and Social Council,Other Bodies,No,Not applicable,Co-Chair,"Ingrid Vanden Berghe, Fernand Eanes Bale, Deirdre Dalpiaz Bishop",https://ggim.un.org/,"As described in the Rules of Procedure, the United Nations Committee of Experts on Global Geospatial Information Management (UN-GGIM) elects up to three co-Chairs and a Rapporteur at the commencement of each session from among its Member State delegations",,,,
113,Office of the United Nations High Commissioner for Refugees,UNHCR,Office of the United Nations High Commissioner for Refugees (UNHCR),Other Entities,Yes,,,,,True,,General Assembly,Other Entities,Yes,USG or equivalent,High Commissioner,Filippo Grandi,https://www.unhcr.org/,,"The work of the Office of the UNHCR is humanitarian and non-political. Its principal functions are to provide international protection to refugees and other persons of concern, and to seek durable solutions for them.",https://www.unhcr.org/cgi-bin/texis/vtx/search?page=&comid=3b4f07fd4&cid=49aea93a20&scid=49aea93a16&keywords=UNHCR%20Annual%20Reports%20General%20Assembly,https://reporting.unhcr.org/,
114,United Nations Children's Fund,UNICEF,United Nations Children's Fund (UNICEF),Funds and Programmes,Yes,,,,,True,,General Assembly,Funds and Programmes,Yes,USG or equivalent,Executive Director,Catherine Mary Russell,https://www.unicef.org/,,"The UN International Children's Emergency Fund (UNICEF) places an emphasis on programmes giving long-term benefits to children everywhere, particularly those in developing countries,",https://www.unicef.org/topics/annual-report,https://open.unicef.org/,
115,United Nations Institute for Disarmament Research,UNIDIR,United Nations Institute for Disarmament Research (UNIDIR),Research and Training,Yes,,,,,False,,General Assembly / Economic and Social Council,Research and Training,No,D-2 or equivalent,Director,Robin Geiss,https://www.unidir.org/,,"The UNIDIR is an autonomous body of the UN, established by the General Assembly to carry out independent research on disarmament and related international security issues.",https://unidir.org/report-of-the-director,,
116,United Nations Industrial Development Organization,UNIDO,United Nations Industrial Development Organization (UNIDO),Specialized Agencies,Yes,,,,,False,,Economic and Social Council,Specialized Agencies,Yes,USG or equivalent,Director-General,Gerd Müller,https://www.unido.org/,,The UNIDO is the UN specialized agency mandated to promote industrial development and international industrial cooperation.,https://www.unido.org/annualreport,https://open.unido.org/,
117,United Nations Interim Force in Lebanon,UNIFIL,United Nations Interim Force in Lebanon (UNIFIL),Peacekeeping operations and political missions,Yes,,,,,False,,Security Council,Subsidiary Organs (Peacekeeping operations and political missions),No,ASG or equivalent,Force Commander/Head of Mission,Aroldo Lázaro Sáenz,https://unifil.unmissions.org/,,"UNIFIL was created to confirm Israeli withdrawal from Lebanon, restore international peace and security and assist the Lebanese Government in restoring its effective authority in the area.",https://unifil.unmissions.org/unifil-documents,,
118,United Nations Interim Security Force for Abyei,UNISFA,United Nations Interim Security Force for Abyei (UNISFA),Peacekeeping operations and political missions,Yes,,,,,False,,Security Council,Subsidiary Organs (Peacekeeping operations and political missions),No,ASG or equivalent,Acting Head,,https://unisfa.unmissions.org/,,"UNISFA enhances the peace and stability, through operations to ensure that the Abyei Area is weapons-free and reducing intercommunal tensions by employing conflict prevention measures and promoting dialogue.",https://digitallibrary.un.org/search?ln=en&cc=Reports&p=%22UN+Interim+Security+Force+for+Abyei%22+OR+UNISFA&f=&action_search=Search&rm=&ln=en&sf=year&so=d&rg=50&c=Reports&c=&of=hb&fti=0&fti=0,,
119,United Nations Institute for Training and Research,UNITAR,United Nations Institute for Training and Research (UNITAR),Research and Training,Yes,,,,,False,,General Assembly / Economic and Social Council,Research and Training,No,ASG or equivalent,Executive Director,Michelle Gyles-McDonnough,https://unitar.org/,,"The UN Institute for training and Research (UNITAR) provides short-term executive training to Members States' national and local government officials, and representatives of civil society and the private sector.",https://unitar.org/about/unitar/governance/board-trustees/board-reports,,
120,United Nations Logistics Base at Brindisi,UNLB,United Nations Logistics Base at Brindisi (UNLB),UN Secretariat,Yes,,,,,False,,Security Council,Subsidiary Organs (Peacekeeping operations and political missions),No,D-2 or equivalent,Director,Anton Antchev,https://www.ungsc.org/,by UN department of operational support,"The logistics base at Brindisi provides logistic support, telecommunications and training for all peacekeeping operations around the world.",,,
121,United Nations Mission to Support the Hudaydah Agreement,UNMHA,United Nations Mission to Support the Hudaydah Agreement (UNMHA),Peacekeeping operations and political missions,Yes,,,,,False,,Security Council,Subsidiary Organs (Peacekeeping operations and political missions),No,ASG or equivalent,Officer in charge and acting chair,Mari Yamashita,https://dppa.un.org/en/mission/unmha-hudaydah-agreement,,"UNMHA helps facilitate and coordinate UN support to assist the parties to fully implement the Hudaydah Agreement; leading and supporting the functioning of the Redeployment Coordination Committtee, monitoring the compliance of the parties of the ceasefire in the Hudayah governorate, and ensuring the region's security",,,
122,United Nations Interim Administration Mission in Kosovo,UNMIK,United Nations Interim Administration Mission in Kosovo (UNMIK),Peacekeeping operations and political missions,Yes,,,,,False,,Security Council,Subsidiary Organs (Peacekeeping operations and political missions),No,USG or equivalent,SRSG/Head of Mission,Caroline Ziadeh,https://unmik.unmissions.org/,,"Following the declaration of independence by the Kosovo authorities in 2008, the UNMIK has been mandated to focus primarily on the promotion of security, stability and respect for human rights in Kosovo",https://unmik.unmissions.org/sg-reports,,
123,United Nations Mission in South Sudan,UNMISS,United Nations Mission in South Sudan (UNMISS),Peacekeeping operations and political missions,Yes,,,,,False,,Security Council,Subsidiary Organs (Peacekeeping operations and political missions),No,USG or equivalent,SRSG/Head of Mission,Nicholas Haysom,https://unmiss.unmissions.org/,,"UNMISS' efforts in South Sudan focus on the protection of civilians, delivering humanitarian assistance, supporting the implementation of the revitalized agreement and the peace process, and monitoring and investigating human rights",https://unmiss.unmissions.org/documents,,
124,United Nations Military Observer Group in India and Pakistan,UNMOGIP,United Nations Military Observer Group in India and Pakistan (UNMOGIP),Peacekeeping operations and political missions,Yes,,,,,False,,Security Council,Subsidiary Organs (Peacekeeping operations and political missions),No,,Head/Chief Military Observer,,https://unmogip.unmissions.org/,,"UNMOGIP supervises, in the State of Jammu and Kashmir, the ceasefire between India and Pakistan, and assists the Military Adviser to the United Nations Commission for India and Pakistan",https://unmogip.unmissions.org/reports,,
125,United Nations Office to the African Union,UNOAU,United Nations Office to the African Union (UNOAU),Peacekeeping operations and political missions,Yes,,,,,False,,Security Council,Subsidiary Organs (Peacekeeping operations and political missions),No,USG or equivalent,SRSG/Head of Office,Parfait Onanga-Anyanga,https://unoau.unmissions.org/,,UNOAU is mandated to enhance the partnership between the United Nations and the African Union in the area of peace and security and provide United Nations advice to the African Union on both long-term capacity-building and short-term operational support,https://unoau.unmissions.org/documents,,
126,United Nations Regional Office for Central Africa,UNOCA,United Nations Regional Office for Central Africa (UNOCA),Peacekeeping operations and political missions,Yes,,,,,False,,Security Council,Subsidiary Organs (Peacekeeping operations and political missions),No,USG or equivalent,SRSG/Head of Office,Abdou Abarry,https://unoca.unmissions.org/,,UNOCA has a regional mandate to help prevent conflict and consolidate peace in Central Africa and provides assistance to support preventive diplomacy and mediation in situations of tension or potential conflict.,https://unoca.unmissions.org/rapports-du-s%C3%A9cr%C3%A9taire-g%C3%A9n%C3%A9ral,,
127,United Nations Office on Drugs and Crime,UNODC,United Nations Office on Drugs and Crime (UNODC),UN Secretariat,Yes,,,,,False,,Secretariat,Departments and Offices,Yes,USG or equivalent,Executive Director,Ghada Fathy Ismail Waly,https://www.unodc.org/,,The UNODC is the secretariat of the Conference of the Parties to the UN Convention against Transnational Organized Crime and of the Conference of the States Parties to the UN Convention against Corruption.,https://www.unodc.org/unodc/en/about-unodc/annual-report.html,,
128,United Nations Office at Geneva,UNOG,United Nations Office at Geneva (UNOG),UN Secretariat,Yes,,,,,False,,Secretariat,Departments and Offices,No,USG or equivalent,Director-General,Tatiana Valovaya,https://www.ungeneva.org/en,,"The UNOG services more than 8,000 meetings every year, making it one of the busiest conference centres in the world. With more than 1,600 staff, it is the biggest duty stations outside of United Nations headquarters in New York.",https://sites.ungeneva.org/annualreport/2021/,,
129,United Nations Office at Nairobi,UNON,United Nations Office at Nairobi (UNON),UN Secretariat,Yes,,,,,False,,Secretariat,Departments and Offices,No,USG or equivalent,Director-General,Zainab Hawa Bangura,https://www.unon.org/,,"The UNON performs representation and liaison functions and facilitates cooperation between with permanent missions, the host-country and other Governments, and intergovernmental and non-governmental organizations in Nairobi.",,,
130,United Nations Office for Project Services,UNOPS,United Nations Office for Project Services (UNOPS),Other Entities,Yes,,,,,False,,General Assembly,Other Entities,Yes,USG or equivalent,Executive Director,Jorge Moreira da Silva,https://www.unops.org/,,"UNOPS' mission is to expand the capacity of the UN system and its partners to implement peace building, humanitarian and development operations that matter for people in need.",https://www.unops.org/about/governance/executive-board/executive-board-documents,https://data.unops.org/,
131,United Nations Office at Vienna,UNOV,United Nations Office at Vienna (UNOV),UN Secretariat,Yes,,,,,False,,Secretariat,Departments and Offices,No,USG or equivalent,Director-General,Ghada Fathy Ismail Waly,https://www.unvienna.org/,,"The UNOV performs representation and liaison functions with permanent missions to the United Nations (Vienna), the host Government and intergovernmental and non-governmental organizations in Vienna.",,,
132,United Nations Office for West Africa and the Sahel,UNOWAS,United Nations Office for West Africa and the Sahel (UNOWAS),Peacekeeping operations and political missions,Yes,,,,,False,,Security Council,Subsidiary Organs (Peacekeeping operations and political missions),No,USG or equivalent,SRSG/Head of Office,Leonardo Santos Simão,https://unowas.unmissions.org/,,"UNOWAS has the responsibility for preventive diplomacy, good offices and political mediation and facilitation efforts in West Africa and the Sahel and works to consolidate peace and democratic governance in countries emerging from conflict or political crises.",https://unowas.unmissions.org/reports,,
133,United Nations Regional Centre for Preventive Diplomacy for Central Asia,UNRCCA,United Nations Regional Centre for Preventive Diplomacy for Central Asia (UNRCCA),Peacekeeping operations and political missions,Yes,,,,,False,,Security Council,Subsidiary Organs (Peacekeeping operations and political missions),No,,SRSG/Head of Office,Kaha Imnadze,https://unrcca.unmissions.org/,,"The UNRCCA implements the concept of preventive diplomacy in practice through enhanced dialogue, confidence building measures and genuine partnerships in responding to existing and emerging challenges in Central Asia.",https://unrcca.unmissions.org/reports,,
134,Office of the United Nations Representative to the Geneva International Discussions,UNRGID,Office of the United Nations Representative to the Geneva International Discussions (UNRGID),Peacekeeping operations and political missions,Yes,,,,,False,,Security Council,Subsidiary Organs (Peacekeeping operations and political missions),No,,Representative,,https://dppa.un.org/en/mission/unrgid,,,,,
136,United Nations Relief and Works Agency for Palestine Refugees in the Near East,UNRWA,United Nations Relief and Works Agency for Palestine Refugees in the Near East (UNRWA),Other Entities,Yes,,,,,False,,General Assembly,Other Entities,Yes,USG or equivalent,Commissioner-General,Philippe Lazzarini,https://www.unrwa.org/,,The UNRWA carries out direct relief and works programmes for Palestine refugees.,https://www.unrwa.org/tags/annual-report,https://open.unrwa.org/,
135,United Nations Register of Damage Caused by the Construction of the Wall in the Occupied Palestinian Territory,UNRoD,United Nations Register of Damage Caused by the Construction of the Wall in the Occupied Palestinian Territory (UNRoD),UN Secretariat,No,,,,,False,,Security Council,Subsidiary Organs (Peacekeeping operations and political missions),No,,Executive Director,Leonid Frolov,http://unrod.org/,,"UNRoD's mandate is to serve as a record, in documentary form, of the damage caused to all natural and legal persons concerned as a result of the construction of the Wall by Israel in the Occupied Palestinian Territory.",https://www.unrod.org/documents.htm,,
137,Office of the United Nations Special Coordinator for the Middle East Peace Process,UNSCO,Office of the United Nations Special Coordinator for the Middle East Peace Process (UNSCO),Peacekeeping operations and political missions,Yes,,,,,False,,Security Council,Subsidiary Organs (Peacekeeping operations and political missions),No,USG or equivalent,Special Coordinator (Acting),Sigrid Kaag,https://unsco.unmissions.org/,,"The DPPA supports UN peacemaking efforts in various ways, including by advising and assisting the Secretary-General in his Middle East diplomacy and by overseeing UN political activities in the region.",https://unsco.unmissions.org/ahlc-socioeconomic-reports,,
138,Office of the United Nations Special Coordinator for Lebanon,UNSCOL,Office of the United Nations Special Coordinator for Lebanon (UNSCOL),Peacekeeping operations and political missions,Yes,,,,,False,,Security Council,Subsidiary Organs (Peacekeeping operations and political missions),No,USG or equivalent,Special Coordinator,Jeanine Hennis-Plasschaert,https://unscol.unmissions.org/,,"The UNSCOL provides leadership and coordination to UN efforts in Lebanon, assistinng the country in forging a peaceful, stable and democratic future.",https://unscol.unmissions.org/secretary-general-statements-relevant-lebanon,,
139,United Nations Support Mission in Libya,UNSMIL,United Nations Support Mission in Libya (UNSMIL),Peacekeeping operations and political missions,Yes,,,,,False,,Security Council,Subsidiary Organs (Peacekeeping operations and political missions),No,USG or equivalent,Head/SRSG,Hanna S. Tetteh,https://unsmil.unmissions.org/,,"UNSMIL, in full accordannce with the principles of national ownership, is an integrated special political mission that supports support Libya's new transitional authorities in their post-conflict efforts.",https://unsmil.unmissions.org/reports-secretary-general,,
140,United Nations Assistance Mission in Somalia,UNSOM,United Nations Assistance Mission in Somalia (UNSOM),Peacekeeping operations and political missions,Yes,,,,,False,,Security Council,Subsidiary Organs (Peacekeeping operations and political missions),No,USG or equivalent,SRSG/Head of Mission,James Swan,https://unsom.unmissions.org/,,"UNSOM works with the Government of Somalia to support national reconciliation, provide strategic and policy advice on peacebuilding and state-building, to monitor the human rights situation and help coordinate the efforts of the international community.",https://unsom.unmissions.org/secretary-generals-reports,,
141,United Nations Support Office in Somalia,UNSOS,United Nations Support Office in Somalia (UNSOS),Peacekeeping operations and political missions,Yes,,,,,False,,Security Council,Subsidiary Organs (Peacekeeping operations and political missions),No,ASG or equivalent,Head of Office,Aisa Kirabo Kacyira,https://unsos.unmissions.org/,,The UNSOS provides critical support to institutions in Somalia to make them more effective in defeating enemies of peace and in creating space for political reconciliation and state formation.,https://unsos.unmissions.org/reports,,
142,United Nations System Staff College,UNSSC,United Nations System Staff College (UNSSC),Research and Training,Yes,,,,,False,,General Assembly / Economic and Social Council,Research and Training,No,D-2 or equivalent,Director (Acting),Miguel Panadero,https://www.unssc.org/,,"The UNSSC delivers high-quality learning programmes and tailored solutions for UN staff and partners, equipping them with the knowledge and skills to support important UN activities and objectives.",https://www.unssc.org/about-unssc/,,
143,United Nations Transitional Assistance Mission in Somalia,UNTMIS,United Nations Transitional Assistance Mission in Somalia (UNTMIS),Peacekeeping operations and political missions,Yes,,,,,False,,Security Council,Subsidiary Organs (Peacekeeping operations and political missions),No,ASG or equivalent,SRSG/Head of Office,James Swan,https://dppa.un.org/en/mission/untmis,,,,,
144,United Nations Truce Supervision Organization,UNTSO,United Nations Truce Supervision Organization (UNTSO),Peacekeeping operations and political missions,Yes,,,,,False,,Security Council,Subsidiary Organs (Peacekeeping operations and political missions),No,,Head of Mission/Chief of Staff,Patrick Gauchat,https://untso.unmissions.org/,,"UNTSO observers monitor ceasefires, supervise armistice agreements, prevent isolated incidents from escalating and assist other United Nations peacekeeping operations in the Middle East.",https://untso.unmissions.org/documents,,
145,United Nations University,UNU,United Nations University (UNU),Research and Training,Yes,,,No centralized RBM results framework found,,True,,General Assembly / Economic and Social Council,Research and Training,No,USG or equivalent,Rector,Tshilidzi Marwala,https://unu.edu/,,"The mission of the UN University is to contribute, through collaborative research and education, to efforts to resolve the pressing global problems of human survival, development and welfare.",https://unu.edu/publications/annual-reports,,
146,United Nations Verification Mission in Colombia,UNVMC,United Nations Verification Mission in Colombia (UNVMC),Peacekeeping operations and political missions,Yes,,,,,False,,Security Council,Subsidiary Organs (Peacekeeping operations and political missions),No,USG or equivalent,SRSG/Head of Mission,Carlos Ruiz Massieu,https://colombia.unmissions.org/en,,"The Mission will verify the reintegration of former FARC-EP members into political, economic and social life and the security guarantees for former FARC-EP members, their families, and communities in the territories.",https://colombia.unmissions.org/en/reports-secretary-general-0,,
147,United Nations Youth Office,UNYO,United Nations Youth Office (UNYO),UN Secretariat,Yes,,,,,False,,Secretariat,Departments and Offices,No,ASG or equivalent,ASG,Felipe Paullier,https://www.un.org/youthaffairs/en,,,,,
148,Universal Postal Union,UPU,Universal Postal Union (UPU),Specialized Agencies,Yes,,,,,True,,Economic and Social Council,Specialized Agencies,Yes,USG or equivalent,Director-General,Masahiko Metoki,https://www.upu.int/en/Home,,"The UPU aims to secure the organisation and improvements of postal services, promote international collaboration and undertake technical assistance in postal matters requested by members countries.",https://www.upu.int/en/Universal-Postal-Union/About-UPU/Strategy,,
149,Office of the Victims' Rights Advocate,VRA,Office of the Victims' Rights Advocate (VRA),UN Secretariat,Yes,,,,,False,,Secretariat,Departments and Offices,No,ASG or equivalent,Victims’ Rights Advocate,Najla Nassif Palma,https://www.un.org/preventing-sexual-exploitation-and-abuse/content/office-victims-rights-advocate,,,,,
150,World Bank,WB,World Bank (WB),Specialized Agencies,No,,,,,False,,Economic and Social Council,Specialized Agencies,Yes,USG or equivalent,President,Ajay Banga,https://www.worldbank.org/ext/en/home,,,,,
151,World Food Programme,WFP,World Food Programme (WFP),Funds and Programmes,Yes,,,,,True,,General Assembly,Funds and Programmes,Yes,USG or equivalent,Executive Director,Cindy H. McCain,https://www.wfp.org/,https://www.wfp.org/stories/how-wfp-demonstrates-accountability-and-transparency,The WFP was established as the UN System's food aid organisation. It is the world's largest humanitarian agency fighting hunger worldwide.,https://www.wfp.org/publications?f%5B0%5D=publication_type%3A2149,,
152,World Health Organization,WHO,World Health Organization (WHO),Specialized Agencies,Yes,,,,,True,,Economic and Social Council,Specialized Agencies,Yes,USG or equivalent,Director-General,Tedros Adhanom Ghebreyesus,https://www.who.int/en/,,"Article 1 of the Constitution defines the WHO's objective as ""the attainment by all peoples of the highest possible level of health"". The detailed functions are set out in article 2 of the Constitution.",https://www.who.int/about/accountability/results,https://open.who.int/,
153,World Intellectual Property Organization,WIPO,World Intellectual Property Organization (WIPO),Specialized Agencies,Yes,,,https://www.wipo.int/about-wipo/en/budget/,,True,,Economic and Social Council,Specialized Agencies,Yes,USG or equivalent,Director-General,Daren Tang,https://www.wipo.int/portal/en/,,The WIPO is dedicated to developing a balanced and accessible international intellectual property system that stimulates innovation and contributes to economic development while safeguarding public interest.,https://www.wipo.int/about-wipo/en/,,
154,World Meteorological Organization,WMO,World Meteorological Organization (WMO),Specialized Agencies,Yes,,,https://community.wmo.int/en/planning-and-monitoring/operational-planning,https://library.wmo.int/viewer/68578/download?file=1336_WMO-Strategic-Plan-2024-2027_en.pdf&type=pdf&navigator=1,True,,Economic and Social Council,Specialized Agencies,Yes,USG or equivalent,President,Abdulla Al Mandous,https://public.wmo.int/en,,"The World Meteorological Organization (WMO) is the successor to the International Meteorological Organization, which was established in 1873.",https://library.wmo.int/index.php?lvl=notice_display&id=5301#.XxG4WJ5KiUk,,
155,World Trade Organization,WTO,World Trade Organization (WTO),Related Organizations,No,,https://www.wto.org/english/thewto_e/secre_e/budget_e.htm,,,False,,General Assembly,Related Organizations,Yes,USG or equivalent,Director General,Ngozi Okonjo-Iweala,https://www.wto.org/,,"The WTO is the only global international organization dealing with the rules of trade between nations. At its heart are the WTO agreements, negotiated and signed by the bulk of the world’s trading nations.",https://www.wto.org/english/res_e/reser_e/annual_report_e.htm,,
